"Old","New"
"assets/002.jpg","assets/img/gallery/projects/002.jpg"
"assets/003.jpg","assets/img/gallery/projects/003.jpg"
"assets/004.jpg","assets/img/gallery/projects/004.jpg"
"assets/005.jpg","assets/img/gallery/projects/005.jpg"
"assets/006.jpg","assets/img/gallery/projects/006.jpg"
"assets/007.jpg","assets/img/gallery/projects/007.jpg"
"assets/008.jpg","assets/img/gallery/projects/008.jpg"
"assets/009.jpg","assets/img/gallery/projects/009.jpg"
"assets/04bb1a0dc4131b2386fd47afef3eacf.jpg","assets/img/gallery/projects/04bb1a0dc4131b2386fd47afef3eacf.jpg"
"assets/08af4698ae5fb394be392920c8f0b2d.jpg","_archive/duplicates/08af4698ae5fb394be392920c8f0b2d.jpg"
"assets/0b86cb6058932bade7e0a59639fcecd.jpg","assets/img/gallery/projects/0b86cb6058932bade7e0a59639fcecd.jpg"
"assets/0c55718ca28d89e4fe4aef59e80fe5a.jpg","assets/img/gallery/projects/0c55718ca28d89e4fe4aef59e80fe5a.jpg"
"assets/0ec56d5efa9febf24e8428fad58aa01.jpg","assets/img/gallery/projects/0ec56d5efa9febf24e8428fad58aa01.jpg"
"assets/1-5742ebbe9d3a4a2b82110bb2cc21f047.jpeg","_archive/duplicates/1-5742ebbe9d3a4a2b82110bb2cc21f047.jpeg"
"assets/1-72d6f7e0939a41b289f99f22f3be327d.jpeg","assets/img/gallery/projects/1-72d6f7e0939a41b289f99f22f3be327d.jpeg"
"assets/1.jpeg","assets/img/gallery/projects/1.jpeg"
"assets/105a8791ca9b0093fce8fdfaf8feba4.jpg","assets/img/gallery/projects/105a8791ca9b0093fce8fdfaf8feba4.jpg"
"assets/10621647587465_.pic.png","assets/img/gallery/projects/10621647587465_.pic.png"
"assets/111-01-c321f84375854d41a86ceaf0381d313d.png","_archive/rejected/111-01-c321f84375854d41a86ceaf0381d313d.png"
"assets/111-01.png","_archive/rejected/111-01.png"
"assets/1111.jpg","assets/img/gallery/projects/1111.jpg"
"assets/1145-01.png","assets/img/gallery/projects/1145-01.png"
"assets/126263656162b6425321581692a5398.jpg","assets/img/gallery/projects/126263656162b6425321581692a5398.jpg"
"assets/1600_900-01-6d9776f1b7c149d9ac0853bcb5b854c4.jpg","assets/img/gallery/projects/1600_900-01-6d9776f1b7c149d9ac0853bcb5b854c4.jpg"
"assets/1600_900-01.jpg","assets/img/gallery/projects/1600_900-01.jpg"
"assets/1600_900-02-0ee5f5aada904c6ea9c1bbe8c43d1034.jpg","_archive/rejected/1600_900-02-0ee5f5aada904c6ea9c1bbe8c43d1034.jpg"
"assets/1600_900-02-40f19e3ed0e84f8da40cc2911d449a0e.jpg","_archive/rejected/1600_900-02-40f19e3ed0e84f8da40cc2911d449a0e.jpg"
"assets/1600_900-02.jpg","_archive/rejected/1600_900-02.jpg"
"assets/1600_900-03.png","_archive/rejected/1600_900-03.png"
"assets/195acda952c3cd20348a50e77873c89-55b131744ca541009935c5ce28e2018e.jpg","_archive/duplicates/195acda952c3cd20348a50e77873c89-55b131744ca541009935c5ce28e2018e.jpg"
"assets/195acda952c3cd20348a50e77873c89-f23332e5abdc4ae9bd6a73b690dad8a9.jpg","_archive/duplicates/195acda952c3cd20348a50e77873c89-f23332e5abdc4ae9bd6a73b690dad8a9.jpg"
"assets/195acda952c3cd20348a50e77873c89.jpg","assets/img/about/195acda952c3cd20348a50e77873c89.jpg"
"assets/1a082fd345e2bdf9a252e8c29e185dd.jpg","assets/img/gallery/projects/1a082fd345e2bdf9a252e8c29e185dd.jpg"
"assets/1c38330028dbbb64a07fa43a305b680.jpg","assets/img/gallery/projects/1c38330028dbbb64a07fa43a305b680.jpg"
"assets/1d928ee5cad935b03214f6446940666.jpg","assets/img/gallery/projects/1d928ee5cad935b03214f6446940666.jpg"
"assets/2-01.png","assets/img/gallery/projects/2-01.png"
"assets/2.jpg","assets/img/gallery/projects/2.jpg"
"assets/20190722_IMG_7290-9e92643146334f0ea0a958b24519261b.JPG","_archive/duplicates/20190722_IMG_7290-9e92643146334f0ea0a958b24519261b.JPG"
"assets/20190722_IMG_7290.JPG","assets/img/gallery/events/20190722_IMG_7290.JPG"
"assets/20190722_IMG_7305-3c1e84059e4444618396cabd8103290a.JPG","_archive/duplicates/20190722_IMG_7305-3c1e84059e4444618396cabd8103290a.JPG"
"assets/20190722_IMG_7305.JPG","assets/img/gallery/events/20190722_IMG_7305.JPG"
"assets/20190722_IMG_7307-3436509a4ca14463b4d5e078ba66184b.JPG","_archive/duplicates/20190722_IMG_7307-3436509a4ca14463b4d5e078ba66184b.JPG"
"assets/20190722_IMG_7307-6f47fff70e024813b0e2ea93dd5f2f52.JPG","_archive/duplicates/20190722_IMG_7307-6f47fff70e024813b0e2ea93dd5f2f52.JPG"
"assets/20190722_IMG_7307-98e6a56ceb7944b890317f368547d07f.JPG","_archive/duplicates/20190722_IMG_7307-98e6a56ceb7944b890317f368547d07f.JPG"
"assets/20190722_IMG_7307.JPG","assets/img/gallery/events/20190722_IMG_7307.JPG"
"assets/20190726_IMG_7518-31fd5357a9dc4d7e90b21d420bf0fd87.JPG","_archive/duplicates/20190726_IMG_7518-31fd5357a9dc4d7e90b21d420bf0fd87.JPG"
"assets/20190726_IMG_7518.JPG","assets/img/gallery/events/20190726_IMG_7518.JPG"
"assets/20190805_IMG_7672-8837cdc0436747fa95b22e70472cf813.JPG","_archive/duplicates/20190805_IMG_7672-8837cdc0436747fa95b22e70472cf813.JPG"
"assets/20190805_IMG_7672-8ae14d5c160b48c2bed0003b84afeab1.JPG","_archive/duplicates/20190805_IMG_7672-8ae14d5c160b48c2bed0003b84afeab1.JPG"
"assets/20190805_IMG_7672-e70ee67cbcd14937ba475daaf960c12b.JPG","_archive/duplicates/20190805_IMG_7672-e70ee67cbcd14937ba475daaf960c12b.JPG"
"assets/20190805_IMG_7672.JPG","assets/img/gallery/events/20190805_IMG_7672.JPG"
"assets/20190805_IMG_7674-6fec8aee71104b90b06eb64b2b9a4401.JPG","_archive/duplicates/20190805_IMG_7674-6fec8aee71104b90b06eb64b2b9a4401.JPG"
"assets/20190805_IMG_7674.JPG","assets/img/gallery/events/20190805_IMG_7674.JPG"
"assets/20190805_IMG_7680-14e6c246147446d18e8103394c9ddda0.JPG","_archive/duplicates/20190805_IMG_7680-14e6c246147446d18e8103394c9ddda0.JPG"
"assets/20190805_IMG_7680.JPG","assets/img/gallery/events/20190805_IMG_7680.JPG"
"assets/20190826_IMG_8078.JPG","assets/img/gallery/events/20190826_IMG_8078.JPG"
"assets/20190826_Snapseed.JPG","assets/img/gallery/projects/20190826_Snapseed.JPG"
"assets/20191017_IMG_1650.JPG","assets/img/gallery/events/20191017_IMG_1650.JPG"
"assets/20191017_IMG_1653-e9f3a069d6f845a6b76cbc24725b018c.JPG","_archive/duplicates/20191017_IMG_1653-e9f3a069d6f845a6b76cbc24725b018c.JPG"
"assets/20191017_IMG_1653.JPG","assets/img/gallery/events/20191017_IMG_1653.JPG"
"assets/20191017_IMG_1662.JPG","assets/img/gallery/events/20191017_IMG_1662.JPG"
"assets/20191021_IMG_9637.JPG","assets/img/gallery/events/20191021_IMG_9637.JPG"
"assets/20191106_IMG_0365.JPG","assets/img/gallery/events/20191106_IMG_0365.JPG"
"assets/20191106_IMG_0366.JPG","assets/img/gallery/events/20191106_IMG_0366.JPG"
"assets/20191203_IMG_1096 (2).JPG","assets/img/gallery/events/20191203_IMG_1096 (2).JPG"
"assets/2043cef5e28d1f19d4d4fdcd3d5d1ab.jpg","assets/img/gallery/projects/2043cef5e28d1f19d4d4fdcd3d5d1ab.jpg"
"assets/2a9f0cb501cc55925eda20fd87e8e08.jpg","_archive/duplicates/2a9f0cb501cc55925eda20fd87e8e08.jpg"
"assets/333.jpg","_archive/duplicates/333.jpg"
"assets/347.jpg","assets/img/gallery/projects/347.jpg"
"assets/39f34edc68deabd91d91ad059127248-a5275812b5fc46feba0aa794bd0d9443.jpg","_archive/duplicates/39f34edc68deabd91d91ad059127248-a5275812b5fc46feba0aa794bd0d9443.jpg"
"assets/39f34edc68deabd91d91ad059127248.jpg","assets/img/gallery/projects/39f34edc68deabd91d91ad059127248.jpg"
"assets/3e3df723f3f75c770e2e2a5b4cda4be.jpg","assets/img/gallery/projects/3e3df723f3f75c770e2e2a5b4cda4be.jpg"
"assets/4444.jpg","_archive/duplicates/4444.jpg"
"assets/4c9e1e0dcc7e9aff887ef266d9da314.jpg","assets/img/gallery/projects/4c9e1e0dcc7e9aff887ef266d9da314.jpg"
"assets/4cb9a0cb56600bf1845ff98879a4b5e-19e77454b7aa4388a16b220ccb70ccaa.jpg","_archive/duplicates/4cb9a0cb56600bf1845ff98879a4b5e-19e77454b7aa4388a16b220ccb70ccaa.jpg"
"assets/4cb9a0cb56600bf1845ff98879a4b5e.jpg","_archive/duplicates/4cb9a0cb56600bf1845ff98879a4b5e.jpg"
"assets/4d4dd0d2b8203be15ba8c4922391b3a.jpg","assets/img/gallery/projects/4d4dd0d2b8203be15ba8c4922391b3a.jpg"
"assets/4d63fdf9dfa7a96d063b2b224fe4018.jpg","assets/img/gallery/projects/4d63fdf9dfa7a96d063b2b224fe4018.jpg"
"assets/5-35bac27cee984b82b7e525b25c284537.jpg","_archive/duplicates/5-35bac27cee984b82b7e525b25c284537.jpg"
"assets/5.jpg","assets/img/gallery/projects/5.jpg"
"assets/527aaa9f271d156942fee5984cb5c00.jpg","assets/img/gallery/projects/527aaa9f271d156942fee5984cb5c00.jpg"
"assets/542fdc39f1f8fd128ebd39fc3ac749a.jpg","assets/img/gallery/projects/542fdc39f1f8fd128ebd39fc3ac749a.jpg"
"assets/5555.jpg","_archive/duplicates/5555.jpg"
"assets/5555_edited.jpg","assets/img/gallery/projects/5555_edited.jpg"
"assets/56c49d2ba43d66cfbc1997eeb9decab-f181eaec771c459fa5f2390f41a5279e.jpg","_archive/duplicates/56c49d2ba43d66cfbc1997eeb9decab-f181eaec771c459fa5f2390f41a5279e.jpg"
"assets/56c49d2ba43d66cfbc1997eeb9decab.jpg","assets/img/gallery/projects/56c49d2ba43d66cfbc1997eeb9decab.jpg"
"assets/584cd637f5bb76a2d31ef221039b73a.jpg","assets/img/gallery/projects/584cd637f5bb76a2d31ef221039b73a.jpg"
"assets/5cb5d58fb87c49e5eaaa79e2ca531e1-fb8c221270cc4bd4ac0de5c3e5e32125.jpg","_archive/duplicates/5cb5d58fb87c49e5eaaa79e2ca531e1-fb8c221270cc4bd4ac0de5c3e5e32125.jpg"
"assets/5cb5d58fb87c49e5eaaa79e2ca531e1.jpg","assets/img/gallery/projects/5cb5d58fb87c49e5eaaa79e2ca531e1.jpg"
"assets/5f5aeea1a3737e420468e056cffde10.jpg","assets/img/gallery/projects/5f5aeea1a3737e420468e056cffde10.jpg"
"assets/654c52decd65fad8082882da9362626.jpg","assets/img/gallery/projects/654c52decd65fad8082882da9362626.jpg"
"assets/7.jpg","assets/img/gallery/projects/7.jpg"
"assets/72c5cb31bb3f93ca5f4e36321c4513b.jpg","assets/img/gallery/projects/72c5cb31bb3f93ca5f4e36321c4513b.jpg"
"assets/740c4b27cc640901acab7287ffc768c.jpg","assets/img/gallery/projects/740c4b27cc640901acab7287ffc768c.jpg"
"assets/75896566172624dc0ebca977e1cc166.jpg","assets/img/gallery/projects/75896566172624dc0ebca977e1cc166.jpg"
"assets/7b23900ecc6c3be8035ffe818054634.jpg","assets/img/gallery/projects/7b23900ecc6c3be8035ffe818054634.jpg"
"assets/7cb1d18df37e791d83aaa508bac7403-cd085b4f518347b193f006a042eb50f8.jpg","_archive/duplicates/7cb1d18df37e791d83aaa508bac7403-cd085b4f518347b193f006a042eb50f8.jpg"
"assets/7cb1d18df37e791d83aaa508bac7403.jpg","assets/img/gallery/projects/7cb1d18df37e791d83aaa508bac7403.jpg"
"assets/7ce2219f7c7c834d77ef29b4d5df3c0-74a2e8610df74ad49802b477eb12eae1.jpg","_archive/duplicates/7ce2219f7c7c834d77ef29b4d5df3c0-74a2e8610df74ad49802b477eb12eae1.jpg"
"assets/7ce2219f7c7c834d77ef29b4d5df3c0.jpg","_archive/duplicates/7ce2219f7c7c834d77ef29b4d5df3c0.jpg"
"assets/81c886de96df54678c7a1f1f98f85f5-06f73c89c96942b4bba5a6262e68de3d.jpg","_archive/duplicates/81c886de96df54678c7a1f1f98f85f5-06f73c89c96942b4bba5a6262e68de3d.jpg"
"assets/81c886de96df54678c7a1f1f98f85f5.jpg","assets/img/gallery/projects/81c886de96df54678c7a1f1f98f85f5.jpg"
"assets/83d8f959dcb0aed21f8b4dba5c1760d-e33fea4338574c06a08966ec14d5539a.jpg","_archive/duplicates/83d8f959dcb0aed21f8b4dba5c1760d-e33fea4338574c06a08966ec14d5539a.jpg"
"assets/83d8f959dcb0aed21f8b4dba5c1760d.jpg","_archive/duplicates/83d8f959dcb0aed21f8b4dba5c1760d.jpg"
"assets/87bab255a5e9a81e8f5516d150f4996 (5).jpg","assets/img/gallery/projects/87bab255a5e9a81e8f5516d150f4996 (5).jpg"
"assets/87bab255a5e9a81e8f5516d150f4996-ede94ce6f403487688a799fb650f4e11.jpg","_archive/duplicates/87bab255a5e9a81e8f5516d150f4996-ede94ce6f403487688a799fb650f4e11.jpg"
"assets/87bab255a5e9a81e8f5516d150f4996-edf44137682c47b5a3b084ff8f5bbd3a.jpg","_archive/duplicates/87bab255a5e9a81e8f5516d150f4996-edf44137682c47b5a3b084ff8f5bbd3a.jpg"
"assets/87bab255a5e9a81e8f5516d150f4996.jpg","assets/img/gallery/projects/87bab255a5e9a81e8f5516d150f4996.jpg"
"assets/8e6149da86a9a7f75436b246462bb18-0ea28057fa494ccea11b2fce53b70ad9.jpg","_archive/duplicates/8e6149da86a9a7f75436b246462bb18-0ea28057fa494ccea11b2fce53b70ad9.jpg"
"assets/8e6149da86a9a7f75436b246462bb18.jpg","_archive/duplicates/8e6149da86a9a7f75436b246462bb18.jpg"
"assets/8f3ec7e78954052992cb9a376736be5.jpg","assets/img/gallery/projects/8f3ec7e78954052992cb9a376736be5.jpg"
"assets/90e2b07f1c57c94b7beafa41b86234c-27917c0264d04de09508e43dea9f0ca1.jpg","_archive/duplicates/90e2b07f1c57c94b7beafa41b86234c-27917c0264d04de09508e43dea9f0ca1.jpg"
"assets/90e2b07f1c57c94b7beafa41b86234c.jpg","_archive/duplicates/90e2b07f1c57c94b7beafa41b86234c.jpg"
"assets/947378ec68f72af3acc098e46c334f3.jpg","assets/img/gallery/projects/947378ec68f72af3acc098e46c334f3.jpg"
"assets/9617d57900c47fb5b94191f1020db11-fc22ee68169f4e55be642e801ced570c.jpg","_archive/duplicates/9617d57900c47fb5b94191f1020db11-fc22ee68169f4e55be642e801ced570c.jpg"
"assets/9617d57900c47fb5b94191f1020db11.jpg","assets/img/gallery/projects/9617d57900c47fb5b94191f1020db11.jpg"
"assets/9a882c6b65536e4a2cc92e26ab0d738.jpg","assets/img/gallery/projects/9a882c6b65536e4a2cc92e26ab0d738.jpg"
"assets/9c9e57186eeeef7550e63073ffc2aa2.jpg","assets/img/gallery/projects/9c9e57186eeeef7550e63073ffc2aa2.jpg"
"assets/a04a093a47dbfbde7565097c7723e0d-b8eb34bdcdfc4e00b85879ee231d3c18.jpg","_archive/duplicates/a04a093a47dbfbde7565097c7723e0d-b8eb34bdcdfc4e00b85879ee231d3c18.jpg"
"assets/a04a093a47dbfbde7565097c7723e0d.jpg","assets/img/gallery/projects/a04a093a47dbfbde7565097c7723e0d.jpg"
"assets/a4596002009683df1fdf984ba81ac3d-893fd743b4564d1d923ab9dd96d339cf.jpg","_archive/duplicates/a4596002009683df1fdf984ba81ac3d-893fd743b4564d1d923ab9dd96d339cf.jpg"
"assets/a4596002009683df1fdf984ba81ac3d-97c7e4819509477fa2ca79993ed6029f.jpg","_archive/duplicates/a4596002009683df1fdf984ba81ac3d-97c7e4819509477fa2ca79993ed6029f.jpg"
"assets/a4596002009683df1fdf984ba81ac3d.jpg","assets/img/gallery/projects/a4596002009683df1fdf984ba81ac3d.jpg"
"assets/a54e5a4f20703ac8b03399026be2a49-f1642a0c60ff43e3ac4983f8f4c9fe82.jpg","_archive/duplicates/a54e5a4f20703ac8b03399026be2a49-f1642a0c60ff43e3ac4983f8f4c9fe82.jpg"
"assets/a54e5a4f20703ac8b03399026be2a49.jpg","assets/img/gallery/projects/a54e5a4f20703ac8b03399026be2a49.jpg"
"assets/a6ba8295e5e3ec609091c604d537213.jpg","assets/img/gallery/projects/a6ba8295e5e3ec609091c604d537213.jpg"
"assets/a87528d907b401bead89235c7b10ae4-22398475902e4e18bc37ee5d6571f4af.jpg","_archive/duplicates/a87528d907b401bead89235c7b10ae4-22398475902e4e18bc37ee5d6571f4af.jpg"
"assets/a87528d907b401bead89235c7b10ae4.jpg","assets/img/gallery/projects/a87528d907b401bead89235c7b10ae4.jpg"
"assets/aba538ed8d238baab5cd5db997c1f42.jpg","_archive/duplicates/aba538ed8d238baab5cd5db997c1f42.jpg"
"assets/ac594ec2cef7794502632ed7fa34a52.jpg","assets/img/gallery/projects/ac594ec2cef7794502632ed7fa34a52.jpg"
"assets/arc.png","assets/img/gallery/projects/arc.png"
"assets/Ardor Gardens (1)-2607db7d1ba5436f8ac30044e56a7bbe.png","_archive/duplicates/Ardor Gardens (1)-2607db7d1ba5436f8ac30044e56a7bbe.png"
"assets/Ardor Gardens (1).png","assets/img/gallery/projects/Ardor Gardens (1).png"
"assets/Ardor Gardens Thumbail Image.jpg","assets/img/gallery/projects/Ardor Gardens Thumbail Image.jpg"
"assets/Ardor Gardens Training 2-12835cf816df4def8953ff4c19b7dce6.jpg","_archive/duplicates/Ardor Gardens Training 2-12835cf816df4def8953ff4c19b7dce6.jpg"
"assets/Ardor Gardens Training 2.jpg","assets/img/gallery/events/Ardor Gardens Training 2.jpg"
"assets/artus.jpg","assets/img/gallery/projects/artus.jpg"
"assets/avantgarde additional image 5-e9b95b40156a4f6b8b4468b7f897247e.jpg","_archive/duplicates/avantgarde additional image 5-e9b95b40156a4f6b8b4468b7f897247e.jpg"
"assets/avantgarde additional image 5.jpg","_archive/duplicates/avantgarde additional image 5.jpg"
"assets/Avantgarde cover thumbnail-0399ad4539f041b9a137fb1e5faa5102.jpg","_archive/duplicates/Avantgarde cover thumbnail-0399ad4539f041b9a137fb1e5faa5102.jpg"
"assets/Avantgarde cover thumbnail.jpg","_archive/duplicates/Avantgarde cover thumbnail.jpg"
"assets/Avantgarde.png","assets/img/partners/Avantgarde.png"
"assets/b1ae679c8536fd197d05ec6e990ebee-be8caf0a1a45473abc47a46a78f98373.jpg","_archive/duplicates/b1ae679c8536fd197d05ec6e990ebee-be8caf0a1a45473abc47a46a78f98373.jpg"
"assets/b1ae679c8536fd197d05ec6e990ebee.jpg","assets/img/gallery/projects/b1ae679c8536fd197d05ec6e990ebee.jpg"
"assets/b55158f3818a072e52079c71ebdb10e.jpg","assets/img/gallery/projects/b55158f3818a072e52079c71ebdb10e.jpg"
"assets/b644a25638f2b11cbd9c1309361d756.jpg","assets/img/gallery/projects/b644a25638f2b11cbd9c1309361d756.jpg"
"assets/b776801afe7c80973a34edaa644168e.jpg","assets/img/gallery/projects/b776801afe7c80973a34edaa644168e.jpg"
"assets/b77a291e10e66344c7fc5e73b798ff9-ea16c67139f941b0ad737a0c23f1c6df.jpg","_archive/duplicates/b77a291e10e66344c7fc5e73b798ff9-ea16c67139f941b0ad737a0c23f1c6df.jpg"
"assets/b77a291e10e66344c7fc5e73b798ff9.jpg","assets/img/gallery/projects/b77a291e10e66344c7fc5e73b798ff9.jpg"
"assets/bc235cf80b6fe1ede1459eb7894c91f.jpg","assets/img/gallery/projects/bc235cf80b6fe1ede1459eb7894c91f.jpg"
"assets/bc4629f050f2e7f46065e8787e293b5.jpg","assets/img/gallery/projects/bc4629f050f2e7f46065e8787e293b5.jpg"
"assets/c5755335a1a5b20e23219c3da03ae67.jpg","assets/img/gallery/projects/c5755335a1a5b20e23219c3da03ae67.jpg"
"assets/cc9457c7ec2eb37cff77b0d7f185825.jpg","assets/img/gallery/projects/cc9457c7ec2eb37cff77b0d7f185825.jpg"
"assets/cf93bf647470e82d29785f76245a8c9.jpg","assets/img/gallery/projects/cf93bf647470e82d29785f76245a8c9.jpg"
"assets/Christine Photo (2).jpg","assets/img/gallery/projects/Christine Photo (2).jpg"
"assets/ColorScheme.avif","_archive/rejected/ColorScheme.avif"
"assets/Crystal Orange 2-19b5131c2e9a4afcaa7f9f493b3ef26b.jpg","_archive/duplicates/Crystal Orange 2-19b5131c2e9a4afcaa7f9f493b3ef26b.jpg"
"assets/Crystal Orange 2.jpg","assets/img/gallery/projects/Crystal Orange 2.jpg"
"assets/Crystal Orange 3.jpg","assets/img/gallery/projects/Crystal Orange 3.jpg"
"assets/crystal orange logo-5ed337903cb940fc9e682f9b4bf37dac.png","_archive/duplicates/crystal orange logo-5ed337903cb940fc9e682f9b4bf37dac.png"
"assets/crystal orange logo.png","assets/img/partners/crystal orange logo.png"
"assets/Crystal Orange thumbnail option 3-69353c3168ee4177bdfa84455a5eec14.jpg","_archive/duplicates/Crystal Orange thumbnail option 3-69353c3168ee4177bdfa84455a5eec14.jpg"
"assets/Crystal Orange thumbnail option 3.jpg","_archive/duplicates/Crystal Orange thumbnail option 3.jpg"
"assets/Crystal Orange.jpg","assets/img/gallery/projects/Crystal Orange.jpg"
"assets/d5ab96c7a730248c043ce8df2664e78-a73996f6ca9b4673b7056d0507907690.jpg","_archive/duplicates/d5ab96c7a730248c043ce8df2664e78-a73996f6ca9b4673b7056d0507907690.jpg"
"assets/d5ab96c7a730248c043ce8df2664e78.jpg","assets/img/gallery/projects/d5ab96c7a730248c043ce8df2664e78.jpg"
"assets/d787eb6f3b0fcc00eb674e32a5ee93b.jpg","assets/img/gallery/projects/d787eb6f3b0fcc00eb674e32a5ee93b.jpg"
"assets/d839f232e4c0f2076a38b9f95213e50-9da0e2979cef40739d3de19c33873e27.jpg","_archive/duplicates/d839f232e4c0f2076a38b9f95213e50-9da0e2979cef40739d3de19c33873e27.jpg"
"assets/d839f232e4c0f2076a38b9f95213e50.jpg","assets/img/gallery/projects/d839f232e4c0f2076a38b9f95213e50.jpg"
"assets/d845257844c507e76d776f431d228e5.jpg","assets/img/gallery/projects/d845257844c507e76d776f431d228e5.jpg"
"assets/d84cf64466be735af25ed7441cdb406.jpg","assets/img/gallery/projects/d84cf64466be735af25ed7441cdb406.jpg"
"assets/dad-hotel-aetRv2jwetE-unsplash.jpg","assets/img/gallery/projects/dad-hotel-aetRv2jwetE-unsplash.jpg"
"assets/desktop-3cb08ab4d253493fb2dce5905f30fb24.jpg","_archive/duplicates/desktop-3cb08ab4d253493fb2dce5905f30fb24.jpg"
"assets/desktop-6b7fc85138e24263bb3c90719d3a5f6e.jpg","_archive/duplicates/desktop-6b7fc85138e24263bb3c90719d3a5f6e.jpg"
"assets/desktop.jpg","_archive/rejected/desktop.jpg"
"assets/e2a59feeb8a379a85225dad3a596bb9-06767c3aeadc4657968b18ec92eefc64.jpg","_archive/duplicates/e2a59feeb8a379a85225dad3a596bb9-06767c3aeadc4657968b18ec92eefc64.jpg"
"assets/e2a59feeb8a379a85225dad3a596bb9.jpg","assets/img/gallery/projects/e2a59feeb8a379a85225dad3a596bb9.jpg"
"assets/e49168051544cd89d1b75d3ff2b32f7.jpg","assets/img/gallery/projects/e49168051544cd89d1b75d3ff2b32f7.jpg"
"assets/e55d33ca6b90a33662a9d8c2f6023e1.jpg","assets/img/gallery/projects/e55d33ca6b90a33662a9d8c2f6023e1.jpg"
"assets/ec4d14c08f05772f71df5be00f6d457.jpg","assets/img/gallery/projects/ec4d14c08f05772f71df5be00f6d457.jpg"
"assets/ec98d97baabccb3348071ee4caddaa0.jpg","assets/img/gallery/projects/ec98d97baabccb3348071ee4caddaa0.jpg"
"assets/Ecole Ducasse logo.jpg","assets/img/partners/Ecole Ducasse logo.jpg"
"assets/edbae95d886ec9bbd52c19ab15c4d7c.jpg","assets/img/gallery/projects/edbae95d886ec9bbd52c19ab15c4d7c.jpg"
"assets/EE1.png","_archive/rejected/EE1.png"
"assets/EE1.webp","_archive/rejected/EE1.webp"
"assets/ee602ee38c05619876e8388f7c65453.jpg","assets/img/gallery/projects/ee602ee38c05619876e8388f7c65453.jpg"
"assets/eefcc4f28ff487476185977dc4977ab-e7c31341c7bb49538bc6d93917c1a445.jpg","_archive/duplicates/eefcc4f28ff487476185977dc4977ab-e7c31341c7bb49538bc6d93917c1a445.jpg"
"assets/eefcc4f28ff487476185977dc4977ab.jpg","assets/img/gallery/projects/eefcc4f28ff487476185977dc4977ab.jpg"
"assets/EHL_BLUE_Logo_simple.ai","_archive/source-files/EHL_BLUE_Logo_simple.ai"
"assets/Equinox_L_Catterton_investment_Logo.jpg","assets/img/partners/Equinox_L_Catterton_investment_Logo.jpg"
"assets/ESCCA.jfif","assets/img/partners/ESCCA.jfif"
"assets/f03a8e7c6776ee9ae71b30fd47a9137-379d9298f0d045cdb6b696d60f47f222.jpg","_archive/duplicates/f03a8e7c6776ee9ae71b30fd47a9137-379d9298f0d045cdb6b696d60f47f222.jpg"
"assets/f03a8e7c6776ee9ae71b30fd47a9137-a54c4e88dbd44cf7ac157015345efeab.jpg","_archive/duplicates/f03a8e7c6776ee9ae71b30fd47a9137-a54c4e88dbd44cf7ac157015345efeab.jpg"
"assets/f03a8e7c6776ee9ae71b30fd47a9137.jpg","assets/img/gallery/projects/f03a8e7c6776ee9ae71b30fd47a9137.jpg"
"assets/f36aaadd63a658d2b1793294e7d698d-cc5b3844de344ece8c6e8d0fa4ae3510.jpg","_archive/duplicates/f36aaadd63a658d2b1793294e7d698d-cc5b3844de344ece8c6e8d0fa4ae3510.jpg"
"assets/f36aaadd63a658d2b1793294e7d698d.jpg","assets/img/gallery/projects/f36aaadd63a658d2b1793294e7d698d.jpg"
"assets/f4c25dc3fe171af4752d3755a65b501.jpg","assets/img/gallery/projects/f4c25dc3fe171af4752d3755a65b501.jpg"
"assets/f500b766a025fa26362f277fa4d340d-aa1515d37fa6441f98f56066070d1141.jpg","_archive/duplicates/f500b766a025fa26362f277fa4d340d-aa1515d37fa6441f98f56066070d1141.jpg"
"assets/f500b766a025fa26362f277fa4d340d.jpg","assets/img/gallery/projects/f500b766a025fa26362f277fa4d340d.jpg"
"assets/f7fe131b3078f535c53657dfeb3f655-17c64eb074134efba206c3aed5fb7d54.jpg","_archive/duplicates/f7fe131b3078f535c53657dfeb3f655-17c64eb074134efba206c3aed5fb7d54.jpg"
"assets/f7fe131b3078f535c53657dfeb3f655-b22e80472e604338809ad5df1c97ae6b.jpg","_archive/duplicates/f7fe131b3078f535c53657dfeb3f655-b22e80472e604338809ad5df1c97ae6b.jpg"
"assets/f7fe131b3078f535c53657dfeb3f655-c0d55b4a106449288a4aad68c79f8cba.jpg","_archive/duplicates/f7fe131b3078f535c53657dfeb3f655-c0d55b4a106449288a4aad68c79f8cba.jpg"
"assets/f7fe131b3078f535c53657dfeb3f655.jpg","_archive/duplicates/f7fe131b3078f535c53657dfeb3f655.jpg"
"assets/f873f21652eb61de50543edc7c506b9.jpg","assets/img/gallery/projects/f873f21652eb61de50543edc7c506b9.jpg"
"assets/f8c410dd276b7a006f86178b2efe862-e5f82b5e63da441c95d1cc9f6423fa6a.jpg","_archive/duplicates/f8c410dd276b7a006f86178b2efe862-e5f82b5e63da441c95d1cc9f6423fa6a.jpg"
"assets/f8c410dd276b7a006f86178b2efe862.jpg","assets/img/gallery/projects/f8c410dd276b7a006f86178b2efe862.jpg"
"assets/fb735f6257c7170cd62dfd469a17c7f (2).jpg","assets/img/gallery/projects/fb735f6257c7170cd62dfd469a17c7f (2).jpg"
"assets/fb735f6257c7170cd62dfd469a17c7f-1a99a8b8d88f4907bd918e69c6bdfd32.jpg","_archive/duplicates/fb735f6257c7170cd62dfd469a17c7f-1a99a8b8d88f4907bd918e69c6bdfd32.jpg"
"assets/fb735f6257c7170cd62dfd469a17c7f.jpg","assets/img/gallery/projects/fb735f6257c7170cd62dfd469a17c7f.jpg"
"assets/fd1c24514edd78853e95c0cf443b847-dda0024b21ca475ea0ef41b06e2a3deb.jpg","_archive/duplicates/fd1c24514edd78853e95c0cf443b847-dda0024b21ca475ea0ef41b06e2a3deb.jpg"
"assets/fd1c24514edd78853e95c0cf443b847.jpg","assets/img/gallery/projects/fd1c24514edd78853e95c0cf443b847.jpg"
"assets/FeastCon-224155a15b3147d09c7b70e880a7e05d.jpg","_archive/duplicates/FeastCon-224155a15b3147d09c7b70e880a7e05d.jpg"
"assets/FeastCon-2946dd71cf5147a4a519ed685ade0226.jpg","_archive/duplicates/FeastCon-2946dd71cf5147a4a519ed685ade0226.jpg"
"assets/FeastCon.jpg","assets/img/about/FeastCon.jpg"
"assets/ff7e362bee91bd3cf60bfe525a9f26c.jpg","assets/img/gallery/projects/ff7e362bee91bd3cf60bfe525a9f26c.jpg"
"assets/ffb768e0b09511ad5268772e1c5821e.jpg","assets/img/gallery/projects/ffb768e0b09511ad5268772e1c5821e.jpg"
"assets/fggf-04.jpg","assets/img/gallery/projects/fggf-04.jpg"
"assets/Forum Logo purple.png","assets/img/brand/Forum Logo purple.png"
"assets/George Ubbelohde.jpg","assets/img/gallery/projects/George Ubbelohde.jpg"
"assets/George Ubbelohde_edited.jpg","assets/img/gallery/projects/George Ubbelohde_edited.jpg"
"assets/George Ubbelohde_edited_edited.jpg","assets/img/gallery/projects/George Ubbelohde_edited_edited.jpg"
"assets/Glion.png","assets/img/partners/Glion.png"
"assets/gradient-2.png","assets/img/gallery/projects/gradient-2.png"
"assets/gradient-854d00827e084e6f8b530d25b9faba60.png","assets/img/gallery/projects/gradient-854d00827e084e6f8b530d25b9faba60.png"
"assets/gradient-white.png","assets/img/gallery/projects/gradient-white.png"
"assets/gradient.png","assets/img/gallery/projects/gradient.png"
"assets/gray-gradient.jpeg","_archive/rejected/gray-gradient.jpeg"
"assets/grey.jpg","assets/img/gallery/projects/grey.jpg"
"assets/Guilin 国际酒店管理学院 Logo.jpg","assets/img/partners/Guilin 国际酒店管理学院 Logo.jpg"
"assets/Home.png","assets/img/gallery/projects/Home.png"
"assets/Home_edited-ffe82a59b2434d729cbd54d9feae41ed.jpg","_archive/rejected/Home_edited-ffe82a59b2434d729cbd54d9feae41ed.jpg"
"assets/Home_edited.jpg","_archive/rejected/Home_edited.jpg"
"assets/Home_edited_edited-f2047e2150a644ebb39e9c3a672fc342.jpg","_archive/rejected/Home_edited_edited-f2047e2150a644ebb39e9c3a672fc342.jpg"
"assets/Home_edited_edited.jpg","_archive/rejected/Home_edited_edited.jpg"
"assets/Home_edited_edited_edited-f0d601d89e844868b00d4a5cce74368c.jpg","_archive/rejected/Home_edited_edited_edited-f0d601d89e844868b00d4a5cce74368c.jpg"
"assets/Home_edited_edited_edited.jpg","_archive/rejected/Home_edited_edited_edited.jpg"
"assets/Home_edited_edited_edited_edited.png","_archive/rejected/Home_edited_edited_edited_edited.png"
"assets/Home_edited_edited_edited_edited_edited.jpg","_archive/rejected/Home_edited_edited_edited_edited_edited.jpg"
"assets/Home_edited_edited_edited_edited_edited_edited.jpg","_archive/rejected/Home_edited_edited_edited_edited_edited_edited.jpg"
"assets/Home_edited_edited_edited_edited_edited_edited_edited.jpg","_archive/rejected/Home_edited_edited_edited_edited_edited_edited_edited.jpg"
"assets/huazhu_hotels_group.png","assets/img/partners/huazhu_hotels_group.png"
"assets/Ignite & Inspire Forum 1min _cut.mp4","assets/video/Ignite & Inspire Forum 1min _cut.mp4"
"assets/IH logo (1)-02-02.png","assets/img/brand/IH logo (1)-02-02.png"
"assets/IH logo (1)-02-03.png","assets/img/brand/IH logo (1)-02-03.png"
"assets/IH logo-02 (1).png","assets/img/brand/IH logo-02 (1).png"
"assets/IH logo-02.png","assets/img/brand/IH logo-02.png"
"assets/IH logo1-02-317682a198a04886ad7c76b6ebc7a7df.png","_archive/duplicates/IH logo1-02-317682a198a04886ad7c76b6ebc7a7df.png"
"assets/IH logo1-02-73cd650290a74956a87a11b9b6be208c.png","_archive/duplicates/IH logo1-02-73cd650290a74956a87a11b9b6be208c.png"
"assets/IH logo1-02.png","assets/img/brand/IH logo1-02.png"
"assets/IH logo1-02_edited.png","assets/img/brand/IH logo1-02_edited.png"
"assets/IH Website Our Initiatives rev EE 20220222.docx","_archive/source-files/IH Website Our Initiatives rev EE 20220222.docx"
"assets/IMG_2361 (1).JPG","_archive/duplicates/IMG_2361 (1).JPG"
"assets/IMG_2361.JPG","assets/img/gallery/events/IMG_2361.JPG"
"assets/IMG_3317.JPG","assets/img/gallery/events/IMG_3317.JPG"
"assets/IMG_9151.jpeg","assets/img/gallery/events/IMG_9151.jpeg"
"assets/IMG_9190.jpeg","assets/img/gallery/events/IMG_9190.jpeg"
"assets/IMG_9205.jpeg","assets/img/gallery/events/IMG_9205.jpeg"
"assets/IMG_9216.jpeg","assets/img/gallery/events/IMG_9216.jpeg"
"assets/IMG_9255-07997f98ff3641bf98e241b06a3fe54f.jpeg","_archive/duplicates/IMG_9255-07997f98ff3641bf98e241b06a3fe54f.jpeg"
"assets/IMG_9255-f519fc12273c4e2595980c6187af0c36.jpeg","_archive/duplicates/IMG_9255-f519fc12273c4e2595980c6187af0c36.jpeg"
"assets/IMG_9255.jpeg","assets/img/gallery/events/IMG_9255.jpeg"
"assets/IMG_9256.jpeg","assets/img/gallery/events/IMG_9256.jpeg"
"assets/IMG_9267.jpeg","assets/img/gallery/events/IMG_9267.jpeg"
"assets/INS001001.jpg","assets/img/gallery/events/INS001001.jpg"
"assets/INS001023.jpg","assets/img/gallery/events/INS001023.jpg"
"assets/INS001024.jpg","assets/img/gallery/events/INS001024.jpg"
"assets/INS001037.jpg","assets/img/gallery/events/INS001037.jpg"
"assets/INS001042.jpg","assets/img/gallery/events/INS001042.jpg"
"assets/INS001095.jpg","assets/img/gallery/events/INS001095.jpg"
"assets/INS001111.jpg","assets/img/gallery/events/INS001111.jpg"
"assets/INS001130.jpg","assets/img/gallery/events/INS001130.jpg"
"assets/INS001132.jpg","assets/img/gallery/events/INS001132.jpg"
"assets/INS001152.jpg","assets/img/gallery/events/INS001152.jpg"
"assets/INS001160.jpg","assets/img/gallery/events/INS001160.jpg"
"assets/INS001182-08630d26de3341d1a562964762c7dd18.jpg","_archive/duplicates/INS001182-08630d26de3341d1a562964762c7dd18.jpg"
"assets/INS001182-31b497ff907e4bbba0f986b3ca40a103.jpg","_archive/duplicates/INS001182-31b497ff907e4bbba0f986b3ca40a103.jpg"
"assets/INS001182.jpg","assets/img/about/INS001182.jpg"
"assets/INS001190.jpg","assets/img/gallery/events/INS001190.jpg"
"assets/INS001205.jpg","assets/img/gallery/events/INS001205.jpg"
"assets/INS001207.jpg","assets/img/gallery/events/INS001207.jpg"
"assets/INS001333.jpg","assets/img/gallery/events/INS001333.jpg"
"assets/INS001364.jpg","assets/img/gallery/events/INS001364.jpg"
"assets/INS001412.jpg","assets/img/gallery/events/INS001412.jpg"
"assets/INS001432.jpg","assets/img/gallery/events/INS001432.jpg"
"assets/Inspire Forum (1)-8524955b4b6144e9b2d0d235888d3752.mp4","_archive/duplicates/Inspire Forum (1)-8524955b4b6144e9b2d0d235888d3752.mp4"
"assets/Inspire Forum (1).mp4","assets/video/Inspire Forum (1).mp4"
"assets/Inspire Hospitality.mp4","assets/video/Inspire Hospitality.mp4"
"assets/inspire-logo.png","assets/img/brand/inspire-logo.png"
"assets/jennifer-latuperisa-andresen-Cj7a21nHLyo-unsplash.jpg","assets/img/gallery/projects/jennifer-latuperisa-andresen-Cj7a21nHLyo-unsplash.jpg"
"assets/John Chen, Advisory Board Member, Legal Counsel .jpg","assets/img/gallery/projects/John Chen, Advisory Board Member, Legal Counsel .jpg"
"assets/John Chen, Advisory Board Member, Legal Counsel _edited.jpg","assets/img/gallery/projects/John Chen, Advisory Board Member, Legal Counsel _edited.jpg"
"assets/June (2)-2b6bd049ce804f96909cd5daf80bdd23.jpg","assets/img/gallery/team/June (2)-2b6bd049ce804f96909cd5daf80bdd23.jpg"
"assets/June (2).jpg","assets/img/gallery/team/June (2).jpg"
"assets/June.jpg","assets/img/about/June.jpg"
"assets/k11 artus logo as optional thumbnail.jpg","_archive/duplicates/k11 artus logo as optional thumbnail.jpg"
"assets/K11 ARTUS_LOGOTYPE.jpg","_archive/duplicates/K11 ARTUS_LOGOTYPE.jpg"
"assets/K11 MUSEA Logo (1)-6db9f6afcefe4469b26246bb5c167899.png","_archive/duplicates/K11 MUSEA Logo (1)-6db9f6afcefe4469b26246bb5c167899.png"
"assets/K11 MUSEA Logo (1).png","assets/img/partners/K11 MUSEA Logo (1).png"
"assets/Key Visual.jpg","assets/img/gallery/projects/Key Visual.jpg"
"assets/kv_new-01.jpg","_archive/rejected/kv_new-01.jpg"
"assets/kv_new-02-86a3446226454aa987771cf1cb106c15.jpg","_archive/rejected/kv_new-02-86a3446226454aa987771cf1cb106c15.jpg"
"assets/kv_new-02-90f2be047f5c4a77a10d7ae2c171eea7.jpg","_archive/rejected/kv_new-02-90f2be047f5c4a77a10d7ae2c171eea7.jpg"
"assets/kv_new-02.jpg","_archive/rejected/kv_new-02.jpg"
"assets/kv_new-05.png","_archive/rejected/kv_new-05.png"
"assets/kv_new-07.png","_archive/rejected/kv_new-07.png"
"assets/Les Roches logo cobranded Black (1).png","assets/img/partners/Les Roches logo cobranded Black (1).png"
"assets/Les Roches.jpg","assets/img/gallery/projects/Les Roches.jpg"
"assets/logo-02.png","assets/img/brand/logo-02.png"
"assets/logo-06.png","assets/img/brand/logo-06.png"
"assets/logo-white.png","assets/img/brand/logo-white.png"
"assets/Logo.avif","assets/img/brand/Logo.avif"
"assets/Lunaris Digital logo design.png","assets/img/brand/Lunaris Digital logo design.png"
"assets/Mission1.JPG","assets/img/gallery/events/Mission1.JPG"
"assets/Mission2.jpg","assets/img/gallery/events/Mission2.jpg"
"assets/Murat Askin (3).jpg","assets/img/gallery/team/Murat Askin (3).jpg"
"assets/Murat Askin.jpg","assets/img/about/Murat Askin.jpg"
"assets/museum 2.jpg","assets/img/gallery/projects/museum 2.jpg"
"assets/museum-36ae97d805b64178af5bf41b2f1d2cf6.jpg","_archive/duplicates/museum-36ae97d805b64178af5bf41b2f1d2cf6.jpg"
"assets/museum-5b4f5481a9dd46ddb32ee8ed14df38fd.jpg","_archive/duplicates/museum-5b4f5481a9dd46ddb32ee8ed14df38fd.jpg"
"assets/museum-c5b9990af82142a9b9880f742cb024e8.jpg","_archive/duplicates/museum-c5b9990af82142a9b9880f742cb024e8.jpg"
"assets/museum.jpg","assets/img/home/museum.jpg"
"assets/pablo-ramos-VJObBseErb8-unsplash.jpg","assets/img/gallery/projects/pablo-ramos-VJObBseErb8-unsplash.jpg"
"assets/pablo-ramos-VJObBseErb8-unsplash_edited.jpg","assets/img/gallery/projects/pablo-ramos-VJObBseErb8-unsplash_edited.jpg"
"assets/Panel 2.jpg","assets/img/gallery/projects/Panel 2.jpg"
"assets/Panel 3.jpg","assets/img/gallery/projects/Panel 3.jpg"
"assets/Panel.jpg","assets/img/gallery/projects/Panel.jpg"
"assets/PCCA 1-d7fcd8b20f4b41f09059df6e9a7e4cf3.jpg","_archive/duplicates/PCCA 1-d7fcd8b20f4b41f09059df6e9a7e4cf3.jpg"
"assets/PCCA 1.jpg","assets/img/gallery/events/PCCA 1.jpg"
"assets/PCCA 10.jpg","assets/img/gallery/events/PCCA 10.jpg"
"assets/PCCA 2.jpg","assets/img/gallery/events/PCCA 2.jpg"
"assets/PCCA 3-0b9f10665d9a476e8a0ec9b16c9bfb0d.jpg","_archive/duplicates/PCCA 3-0b9f10665d9a476e8a0ec9b16c9bfb0d.jpg"
"assets/PCCA 3-37935afb20b5492e9a276b1bd1d4dac7.jpg","_archive/duplicates/PCCA 3-37935afb20b5492e9a276b1bd1d4dac7.jpg"
"assets/PCCA 3.jpg","assets/img/gallery/events/PCCA 3.jpg"
"assets/PCCA 4.jpg","assets/img/gallery/events/PCCA 4.jpg"
"assets/PCCA 5-6584619ff5b24e12a23edadb7cdc5881.jpg","_archive/duplicates/PCCA 5-6584619ff5b24e12a23edadb7cdc5881.jpg"
"assets/PCCA 5.jpg","assets/img/gallery/events/PCCA 5.jpg"
"assets/PCCA 6-2ed820f85d85442480a3a26d07ab382b.jpg","_archive/duplicates/PCCA 6-2ed820f85d85442480a3a26d07ab382b.jpg"
"assets/PCCA 6.jpg","assets/img/gallery/events/PCCA 6.jpg"
"assets/PCCA 7.jpg","assets/img/gallery/events/PCCA 7.jpg"
"assets/PCCA 8.jpg","assets/img/gallery/events/PCCA 8.jpg"
"assets/PCCA 9.jpg","assets/img/gallery/events/PCCA 9.jpg"
"assets/Photo 14.jpg","assets/img/gallery/projects/Photo 14.jpg"
"assets/Photo 25-594f427cf52f489bb6adbd5692341b47.jpg","_archive/duplicates/Photo 25-594f427cf52f489bb6adbd5692341b47.jpg"
"assets/Photo 25-64ee60c76e404a39824df11b15b66526.jpg","_archive/duplicates/Photo 25-64ee60c76e404a39824df11b15b66526.jpg"
"assets/Photo 25.jpg","assets/img/gallery/projects/Photo 25.jpg"
"assets/photo1-cd3e13b7f10e49e4b7b6d5d18919c54b.jpg","_archive/duplicates/photo1-cd3e13b7f10e49e4b7b6d5d18919c54b.jpg"
"assets/photo1.jpg","assets/img/gallery/projects/photo1.jpg"
"assets/Photo22-2b2ff47fe31f4491a49261ce4b62f4cb.jpg","_archive/duplicates/Photo22-2b2ff47fe31f4491a49261ce4b62f4cb.jpg"
"assets/Photo22-363337673e8c4abca8642ebe89fd9afd.jpg","_archive/duplicates/Photo22-363337673e8c4abca8642ebe89fd9afd.jpg"
"assets/Photo22.jpg","assets/img/gallery/projects/Photo22.jpg"
"assets/placeholder-image.png","_archive/rejected/placeholder-image.png"
"assets/rasul-kireev-H8Py_vDMcQ0-unsplash.jpg","assets/img/gallery/projects/rasul-kireev-H8Py_vDMcQ0-unsplash.jpg"
"assets/simon li additional photo 3.jpg","assets/img/gallery/events/simon li additional photo 3.jpg"
"assets/Simon Li.png","assets/img/gallery/events/Simon Li.png"
"assets/simonli thumbnail.jpg","assets/img/gallery/events/simonli thumbnail.jpg"
"assets/Six Arts Culture Park.png","assets/img/gallery/projects/Six Arts Culture Park.png"
"assets/Six Arts Museum Hotel.png","assets/img/gallery/projects/Six Arts Museum Hotel.png"
"assets/Six Arts Thumbnail Image.jpg","_archive/duplicates/Six Arts Thumbnail Image.jpg"
"assets/slide4-1-f041781041b14a6aad6ab1e99918e963.jpeg","_archive/duplicates/slide4-1-f041781041b14a6aad6ab1e99918e963.jpeg"
"assets/slide4-1.jpeg","_archive/duplicates/slide4-1.jpeg"
"assets/slide4-2-1b32463bdac84d79bba223b8962c70b8.jpg","_archive/duplicates/slide4-2-1b32463bdac84d79bba223b8962c70b8.jpg"
"assets/slide4-2-84b7019ef3b349e3a52e028655eb4ce7.jpg","_archive/duplicates/slide4-2-84b7019ef3b349e3a52e028655eb4ce7.jpg"
"assets/slide4-2.jpg","assets/img/gallery/projects/slide4-2.jpg"
"assets/square - 3 sides.png","assets/img/gallery/projects/square - 3 sides.png"
"assets/square-3-right.png","assets/img/gallery/projects/square-3-right.png"
"assets/Stay_inspired_v5_2-01.jpg","_archive/rejected/Stay_inspired_v5_2-01.jpg"
"assets/Stay_inspired_v5_2-01_edited-8b21fa26ceaa4aa6bf196b5b5d8303d2.jpg","_archive/rejected/Stay_inspired_v5_2-01_edited-8b21fa26ceaa4aa6bf196b5b5d8303d2.jpg"
"assets/Stay_inspired_v5_2-01_edited.jpg","_archive/rejected/Stay_inspired_v5_2-01_edited.jpg"
"assets/t1.jpg","assets/img/about/t1.jpg"
"assets/t2.jpg","assets/img/gallery/events/t2.jpg"
"assets/t3.jpg","assets/img/gallery/events/t3.jpg"
"assets/t4.jpg","assets/img/gallery/events/t4.jpg"
"assets/t5.jpg","assets/img/gallery/events/t5.jpg"
"assets/t6.jpg","assets/img/gallery/events/t6.jpg"
"assets/training image (2).jpg","_archive/duplicates/training image (2).jpg"
"assets/training image option1.jpg","assets/img/gallery/events/training image option1.jpg"
"assets/training image.jpg","assets/img/gallery/events/training image.jpg"
"assets/UCF hospitality management school Logo - Copy.jpg","assets/img/partners/UCF hospitality management school Logo - Copy.jpg"
"assets/video-placeholder.jpeg","assets/img/gallery/projects/video-placeholder.jpeg"
"assets/waves white gray gradient turn background video.mp4","_archive/rejected/waves white gray gradient turn background video.mp4"
"assets/Website Landing Page (1).png","assets/img/gallery/projects/Website Landing Page (1).png"
"assets/Website_IH_-03.jpg","_archive/rejected/Website_IH_-03.jpg"
"assets/Website_IH_-04-5dc7026a8dca4cc69d0f20a7f9790508.jpg","_archive/rejected/Website_IH_-04-5dc7026a8dca4cc69d0f20a7f9790508.jpg"
"assets/Website_IH_-04.jpg","_archive/rejected/Website_IH_-04.jpg"
"assets/Website_IH_2-03 (2).jpg","_archive/rejected/Website_IH_2-03 (2).jpg"
"assets/Website_IH_2-03 (2)_edited.jpg","_archive/rejected/Website_IH_2-03 (2)_edited.jpg"
"assets/Website_IH_2-03 (3).jpg","_archive/rejected/Website_IH_2-03 (3).jpg"
"assets/Website_IH_2-03 (3)_edited.jpg","_archive/rejected/Website_IH_2-03 (3)_edited.jpg"
"assets/Website_IH_2-03 (4).jpg","_archive/rejected/Website_IH_2-03 (4).jpg"
"assets/Website_IH_2-03.jpg","_archive/rejected/Website_IH_2-03.jpg"
"assets/Website_IH_2-03_edited-6b93c246ebb8465e8b417c1fffeedae8.jpg","_archive/rejected/Website_IH_2-03_edited-6b93c246ebb8465e8b417c1fffeedae8.jpg"
"assets/Website_IH_2-03_edited-d5a0f70aab8c4fc1938155e75cb8fbd8.jpg","_archive/rejected/Website_IH_2-03_edited-d5a0f70aab8c4fc1938155e75cb8fbd8.jpg"
"assets/Website_IH_2-03_edited.jpg","_archive/rejected/Website_IH_2-03_edited.jpg"
"assets/Website_IH_2-07.png","_archive/rejected/Website_IH_2-07.png"
"assets/Website_IH_2-08.jpg","_archive/rejected/Website_IH_2-08.jpg"
"assets/Website_IH_New-02.jpg","_archive/rejected/Website_IH_New-02.jpg"
"assets/Website_IH_New1_2-07 (2).png","_archive/rejected/Website_IH_New1_2-07 (2).png"
"assets/Website_IH_New1_2-08.png","_archive/rejected/Website_IH_New1_2-08.png"
"assets/Website_IH_New1_2-10.png","_archive/rejected/Website_IH_New1_2-10.png"
"assets/Website_IH_New_about_us-03.png","_archive/rejected/Website_IH_New_about_us-03.png"
"assets/Website_IH_New_about_us-04.png","_archive/rejected/Website_IH_New_about_us-04.png"
"assets/Website_IH_New_about_us-08.png","_archive/rejected/Website_IH_New_about_us-08.png"
"assets/Website_IH_New_about_us-09.png","_archive/rejected/Website_IH_New_about_us-09.png"
"assets/Website_IH_New_about_us1-10.png","_archive/rejected/Website_IH_New_about_us1-10.png"
"assets/Website_IH_New_about_us1-11.png","_archive/rejected/Website_IH_New_about_us1-11.png"
"assets/Website_IH_New_about_us1-12.png","_archive/rejected/Website_IH_New_about_us1-12.png"
"assets/Website_IH_New_about_us1-13.png","_archive/rejected/Website_IH_New_about_us1-13.png"
"assets/Website_IH_New_hh-03.jpg","_archive/rejected/Website_IH_New_hh-03.jpg"
"assets/Website_IH_New_home_page1-03.png","_archive/rejected/Website_IH_New_home_page1-03.png"
"assets/Website_IH_New_home_page1-04.png","_archive/rejected/Website_IH_New_home_page1-04.png"
"assets/Website_IH_New_home_page_icon-05.png","_archive/rejected/Website_IH_New_home_page_icon-05.png"
"assets/Website_IH_New_home_page_icon-06.png","_archive/rejected/Website_IH_New_home_page_icon-06.png"
"assets/Website_IH_New_home_page_icon-07.png","_archive/rejected/Website_IH_New_home_page_icon-07.png"
"assets/Website_IH_New_home_page_icon-08.png","_archive/rejected/Website_IH_New_home_page_icon-08.png"
"assets/Website_IH_New_home_page_icon-09.png","_archive/rejected/Website_IH_New_home_page_icon-09.png"
"assets/Website_IH_New_home_page_icon-10.png","_archive/rejected/Website_IH_New_home_page_icon-10.png"
"assets/Wills logo color.png","assets/img/partners/Wills logo color.png"
"assets/Wills Logo White Background.png","assets/img/partners/Wills Logo White Background.png"
"assets/wills thumbnail.jpg","_archive/duplicates/wills thumbnail.jpg"
"assets/Yangzhou University Logo.jpg","assets/img/partners/Yangzhou University Logo.jpg"
"assets/YEAH.jpg","assets/img/gallery/projects/YEAH.jpg"
"assets/YZM7142_w8445.JPG","assets/img/gallery/team/YZM7142_w8445.JPG"
"assets/YZM7159_w0321.JPG","assets/img/gallery/team/YZM7159_w0321.JPG"
"assets/YZM7189_w0336.JPG","assets/img/gallery/team/YZM7189_w0336.JPG"
"assets/YZM7193_w0334.JPG","assets/img/gallery/team/YZM7193_w0334.JPG"
"assets/YZM7195_w0480.JPG","assets/img/gallery/team/YZM7195_w0480.JPG"
"assets/YZM7198_w1856.JPG","assets/img/gallery/team/YZM7198_w1856.JPG"
"assets/YZM7217_w0184.JPG","assets/img/gallery/team/YZM7217_w0184.JPG"
"assets/YZM7238_w0233.JPG","assets/img/gallery/team/YZM7238_w0233.JPG"
"assets/YZM7240_w1100.JPG","assets/img/gallery/team/YZM7240_w1100.JPG"
"assets/YZM7242_w2358.JPG","assets/img/gallery/team/YZM7242_w2358.JPG"
"assets/YZM7249_w5912-8bd79803bc214a4187649c04a0890e1a.JPG","_archive/duplicates/YZM7249_w5912-8bd79803bc214a4187649c04a0890e1a.JPG"
"assets/YZM7249_w5912.JPG","assets/img/gallery/team/YZM7249_w5912.JPG"
"assets/YZM7252_w1628.JPG","assets/img/gallery/team/YZM7252_w1628.JPG"
"assets/YZM7253_w2333.JPG","assets/img/gallery/team/YZM7253_w2333.JPG"
"assets/YZM7259_w0598.JPG","assets/img/gallery/team/YZM7259_w0598.JPG"
"assets/YZM7458_w7740.JPG","assets/img/gallery/team/YZM7458_w7740.JPG"
"assets/YZM7483_w8909.JPG","assets/img/gallery/team/YZM7483_w8909.JPG"
"assets/YZM7521_w2317.JPG","assets/img/gallery/team/YZM7521_w2317.JPG"
"assets/YZM7628_w5487-0e5dc66415a240dd9fa63c0221aeea8d.JPG","_archive/duplicates/YZM7628_w5487-0e5dc66415a240dd9fa63c0221aeea8d.JPG"
"assets/YZM7628_w5487.JPG","assets/img/gallery/team/YZM7628_w5487.JPG"
"assets/YZM7635_w0380.JPG","assets/img/gallery/team/YZM7635_w0380.JPG"
"assets/YZM7918_w6785.JPG","assets/img/gallery/team/YZM7918_w6785.JPG"
"assets/YZM7926_w0458.JPG","assets/img/gallery/team/YZM7926_w0458.JPG"
"assets/YZM7935_w9237.JPG","assets/img/gallery/team/YZM7935_w9237.JPG"
"assets/YZM8161_w6773.JPG","assets/img/gallery/team/YZM8161_w6773.JPG"
"assets/YZM8165_w1885.JPG","assets/img/gallery/team/YZM8165_w1885.JPG"
"assets/YZM8171_w2282.JPG","assets/img/gallery/team/YZM8171_w2282.JPG"
"assets/YZM8295_w7008.JPG","assets/img/gallery/team/YZM8295_w7008.JPG"
"assets/YZM8304_w0154.JPG","assets/img/gallery/team/YZM8304_w0154.JPG"
"assets/YZM8307_w8277.JPG","assets/img/gallery/team/YZM8307_w8277.JPG"
"assets/YZM8370_w1569.JPG","assets/img/gallery/team/YZM8370_w1569.JPG"
"assets/YZM8370_w1569_edited.jpg","assets/img/gallery/team/YZM8370_w1569_edited.jpg"
"assets/YZM8370_w1569_edited_edited.jpg","assets/img/gallery/team/YZM8370_w1569_edited_edited.jpg"
"assets/YZM8370_w1569_edited_edited_edited.jpg","assets/img/gallery/team/YZM8370_w1569_edited_edited_edited.jpg"
"assets/YZM8519_w6062.JPG","assets/img/gallery/team/YZM8519_w6062.JPG"
"assets/YZM8545_w6191.JPG","assets/img/gallery/team/YZM8545_w6191.JPG"
"assets/YZM8584_w6134.JPG","assets/img/gallery/team/YZM8584_w6134.JPG"
"assets/YZM8601_w0738.JPG","assets/img/gallery/team/YZM8601_w0738.JPG"
"assets/YZM8629_w6940.JPG","assets/img/gallery/team/YZM8629_w6940.JPG"
"assets/_Ignite & Inspire Forum 1min  Video.mp4","assets/video/_Ignite & Inspire Forum 1min  Video.mp4"
"assets/Безымянный-1-02-a136589f8a1f4b45a1ad048613f4df78.jpg","_archive/rejected/Безымянный-1-02-a136589f8a1f4b45a1ad048613f4df78.jpg"
"assets/Безымянный-1-02.jpg","_archive/rejected/Безымянный-1-02.jpg"
"assets/Безымянный-1-03-5f1cac22afe945219027618de1a5236e.jpg","_archive/rejected/Безымянный-1-03-5f1cac22afe945219027618de1a5236e.jpg"
"assets/Безымянный-1-03.jpg","_archive/rejected/Безымянный-1-03.jpg"
"assets/Безымянный-1-04-dfe5bf89df934d1c96bcae76ef2dabcf.jpg","_archive/rejected/Безымянный-1-04-dfe5bf89df934d1c96bcae76ef2dabcf.jpg"
"assets/Безымянный-1-04.jpg","_archive/rejected/Безымянный-1-04.jpg"
"assets/Безымянный-1-05.jpg","_archive/rejected/Безымянный-1-05.jpg"
"assets/Безымянный-1_Монтажная область 1-152195b688754affafd063f5f596fc8b.jpg","_archive/rejected/Безымянный-1_Монтажная область 1-152195b688754affafd063f5f596fc8b.jpg"
"assets/Безымянный-1_Монтажная область 1-2c73137d554a4862aae714be4405dc8b.jpg","_archive/rejected/Безымянный-1_Монтажная область 1-2c73137d554a4862aae714be4405dc8b.jpg"
"assets/Безымянный-1_Монтажная область 1-674dc10d990243048826b3e1193b710e.jpg","_archive/rejected/Безымянный-1_Монтажная область 1-674dc10d990243048826b3e1193b710e.jpg"
"assets/Безымянный-1_Монтажная область 1-7d7eb831740a4a3eaf435ac8935c8adc.jpg","_archive/rejected/Безымянный-1_Монтажная область 1-7d7eb831740a4a3eaf435ac8935c8adc.jpg"
"assets/Безымянный-1_Монтажная область 1-c0dd5139bca046f89aa9d65e36821c58.jpg","_archive/rejected/Безымянный-1_Монтажная область 1-c0dd5139bca046f89aa9d65e36821c58.jpg"
"assets/Безымянный-1_Монтажная область 1.jpg","_archive/rejected/Безымянный-1_Монтажная область 1.jpg"
"assets/обложка ире-01.png","assets/img/gallery/projects/обложка ире-01.png"
"assets/обложка-02.jpg","assets/img/gallery/projects/обложка-02.jpg"
"assets/обложка-10 (1).jpg","assets/img/gallery/projects/обложка-10 (1).jpg"
"assets/обложка-10-10.jpg","assets/img/gallery/projects/обложка-10-10.jpg"
"assets/Презентация Microsoft PowerPoint (4).jpg","assets/img/gallery/projects/Презентация Microsoft PowerPoint (4).jpg"
"assets/三楼-匾额馆-25c4e0e6fe7d488fb58a1ffffaeca0b5.jpg","_archive/duplicates/三楼-匾额馆-25c4e0e6fe7d488fb58a1ffffaeca0b5.jpg"
"assets/三楼-匾额馆-26202a54b21944e5825fa55ce3336dfd.jpg","_archive/duplicates/三楼-匾额馆-26202a54b21944e5825fa55ce3336dfd.jpg"
"assets/三楼-匾额馆-7234978d779b47c19f09ddd038daa39e.jpg","_archive/duplicates/三楼-匾额馆-7234978d779b47c19f09ddd038daa39e.jpg"
"assets/三楼-匾额馆.jpg","assets/img/gallery/projects/三楼-匾额馆.jpg"
"assets/三楼-漆画箱馆-b340b10ebabb4c8d8e9e3b1d2190e56e.jpg","_archive/duplicates/三楼-漆画箱馆-b340b10ebabb4c8d8e9e3b1d2190e56e.jpg"
"assets/三楼-漆画箱馆.jpg","assets/img/gallery/projects/三楼-漆画箱馆.jpg"
"assets/三楼-漆画馆-9f397a96d38a41a790c34d554bf290ce.jpg","_archive/duplicates/三楼-漆画馆-9f397a96d38a41a790c34d554bf290ce.jpg"
"assets/三楼-漆画馆.jpg","assets/img/home/三楼-漆画馆.jpg"
"assets/三楼-雀替馆-d58e06dcdc1745e19ececf9686fca806.jpg","_archive/duplicates/三楼-雀替馆-d58e06dcdc1745e19ececf9686fca806.jpg"
"assets/三楼-雀替馆.jpg","assets/img/gallery/projects/三楼-雀替馆.jpg"
"assets/微信图片_20200903083658-7943385c1cc74f599c267cbd41576c6a.png","_archive/duplicates/微信图片_20200903083658-7943385c1cc74f599c267cbd41576c6a.png"
"assets/微信图片_20200903083658-9a456ef4aa644e7c9d3fa28c184dcdc6.png","_archive/duplicates/微信图片_20200903083658-9a456ef4aa644e7c9d3fa28c184dcdc6.png"
"assets/微信图片_20200903083658-fb8ed7108e824053ab6170e449eeaea1.png","_archive/duplicates/微信图片_20200903083658-fb8ed7108e824053ab6170e449eeaea1.png"
"assets/微信图片_20200903083658.png","assets/img/gallery/projects/微信图片_20200903083658.png"
"assets/微信图片_20200905153336-59486fc1ae5942058375128485e87134.jpg","_archive/duplicates/微信图片_20200905153336-59486fc1ae5942058375128485e87134.jpg"
"assets/微信图片_20200905153336.jpg","assets/img/gallery/projects/微信图片_20200905153336.jpg"
"assets/微信图片_20200905153432-fee6ec02547d4892a0651d57c41f9e30.jpg","_archive/duplicates/微信图片_20200905153432-fee6ec02547d4892a0651d57c41f9e30.jpg"
"assets/微信图片_20200905153432.jpg","assets/img/gallery/projects/微信图片_20200905153432.jpg"
"assets/悦啡咖吧.jpg","assets/img/gallery/rooms/悦啡咖吧.jpg"
"assets/悦尔复式欢聚房 (1)-e5aef539e7a84ca1a9bf077cfe11531c.jpg","_archive/duplicates/悦尔复式欢聚房 (1)-e5aef539e7a84ca1a9bf077cfe11531c.jpg"
"assets/悦尔复式欢聚房 (1).jpg","assets/img/gallery/rooms/悦尔复式欢聚房 (1).jpg"
"assets/悦目私家经典花园房 (5)-ec2a661c54254f31a80aaf7505946d15.JPG","_archive/duplicates/悦目私家经典花园房 (5)-ec2a661c54254f31a80aaf7505946d15.JPG"
"assets/悦目私家经典花园房 (5).JPG","assets/img/home/悦目私家经典花园房 (5).JPG"
"assets/悦艺至尊私家花园套房 (2)-cc370ce5a70e48019c23b2e99316be7e.JPG","_archive/duplicates/悦艺至尊私家花园套房 (2)-cc370ce5a70e48019c23b2e99316be7e.JPG"
"assets/悦艺至尊私家花园套房 (2).JPG","assets/img/contact/悦艺至尊私家花园套房 (2).JPG"
"assets/悦艺至尊私家花园套房 (5)-48a64cdbffce4e6798d8f9633b803193.JPG","_archive/duplicates/悦艺至尊私家花园套房 (5)-48a64cdbffce4e6798d8f9633b803193.JPG"
"assets/悦艺至尊私家花园套房 (5).JPG","assets/img/gallery/rooms/悦艺至尊私家花园套房 (5).JPG"
"assets/越秀YIHA LOGO.ai","_archive/source-files/越秀YIHA LOGO.ai"
"assets/banner/image2.jpg","_archive/rejected/image2.jpg"
"assets/banner/image4.jpg","_archive/rejected/image4.jpg"
"assets/banner/image3.jpg","assets/img/home/banner/image3.jpg"
"assets/banner/image1.jpg","assets/img/home/banner/image1.jpg"
"assets/banner/image5.jpg","assets/img/home/banner/image5.jpg"
"assets/clients/client1.avif","assets/img/clients/client1.avif"
"assets/clients/client10.avif","assets/img/clients/client10.avif"
"assets/clients/client2.avif","assets/img/clients/client2.avif"
"assets/clients/client3.avif","assets/img/clients/client3.avif"
"assets/clients/client4.avif","assets/img/clients/client4.avif"
"assets/clients/client5.avif","assets/img/clients/client5.avif"
"assets/clients/client6.avif","assets/img/clients/client6.avif"
"assets/clients/client7.avif","assets/img/clients/client7.avif"
"assets/clients/client8.avif","assets/img/clients/client8.avif"
"assets/clients/client9.avif","assets/img/clients/client9.avif"
"styles.css","assets/css/styles.css"
"script.js","assets/js/script.js"
